,X,Y,Z,n_points_5,corr_dim_5,n_points_10,corr_dim_10
0,-10.0,0.0,10.0,1,0.015625,1,0.015625
1,10.0,0.0,10.0,1,0.015625,1,0.015625
2,-10.0,20.0,10.0,1,0.015625,1,0.015625
3,10.0,20.0,10.0,1,0.015625,1,0.015625
4,-10.0,20.0,-10.0,1,0.015625,1,0.015625
5,10.0,20.0,-10.0,1,0.015625,1,0.015625
6,-10.0,0.0,-10.0,1,0.015625,1,0.015625
7,10.0,0.0,-10.0,1,0.015625,1,0.015625
